,Name,ID,Pred_yield,Exp_yield
9,4BrDPAIPN,OPS12,92.37548468,95
8,4ClDPAIPN,OPS11,86.06825954,96
5,4DPAIPN,OPS7,85.78587223,92
0,4CzIPN,OPS1,81.27321148,91
28,2PhDPABP,OPS36,75.87825019,77
