,Name,ID,Pred_yield,Exp_yield
9,4BrDPAIPN,OPS12,90.30380734,95
8,4ClDPAIPN,OPS11,89.0769345,96
5,4DPAIPN,OPS7,85.14770774,92
0,4CzIPN,OPS1,83.76760934,91
7,4FDPAIPN,OPS10,78.93975101,95
