,Name,ID,Pred_yield,Exp_yield
8,4ClDPAIPN,OPS11,92.24486027,96
9,4BrDPAIPN,OPS12,90.00140758,95
5,4DPAIPN,OPS7,86.02637711,92
0,4CzIPN,OPS1,85.80684589,91
7,4FDPAIPN,OPS10,83.35249526,95
