,Name,ID,Pred_yield,Exp_yield
9,4BrDPAIPN,OPS12,92.93832415,95
8,4ClDPAIPN,OPS11,92.74297,96
0,4CzIPN,OPS1,88.02116213,91
5,4DPAIPN,OPS7,84.49618363,92
57,5CzBN,OPS67,81.06057456,84
