,Name,ID,Pred_yield,Exp_yield
9,4BrDPAIPN,OPS12,84.75127126,95
5,4DPAIPN,OPS7,79.83354949,92
7,4FDPAIPN,OPS10,74.17816548,95
8,4ClDPAIPN,OPS11,71.59409988,96
56,3DPA2FBN,OPS66,64.56261086,87
