,Name,ID,Pred_yield,Exp_yield
8,4ClDPAIPN,OPS11,85.58871782,96
9,4BrDPAIPN,OPS12,82.55967669,95
7,4FDPAIPN,OPS10,81.13190114,95
28,2PhDPABP,OPS36,78.10569555,77
5,4DPAIPN,OPS7,76.0087388,92
