,Name,ID,Pred_yield,Exp_yield
33,PNZN,OPS41,77.47053333,4
55,NapDPZ,OPS65,76.38068333,21
53,CF3PhDPZ,OPS63,76.18899667,18
54,OMePhDPZ,OPS64,74.89848667,1
35,PTZN,OPS43,74.23536333,1
